"Query","UTC DateTime","Response"
"who are you",04/24/2017 10:47:58,"{""query"":""who are you"",""intents"":[{""intent"":""monitor a company"",""score"":0.999682963},{""intent"":""None"",""score"":0.06400091}],""entities"":[]}"
"updates on wells fargo",04/24/2017 10:48:29,"{""query"":""updates on wells fargo"",""intents"":[{""intent"":""monitor a company"",""score"":0.999990463},{""intent"":""None"",""score"":0.03628049}],""entities"":[{""entity"":""wells"",""type"":""Company name"",""startIndex"":11,""endIndex"":15,""score"":0.770384848}]}"
"hello",04/24/2017 11:34:46,"{""query"":""hello"",""intents"":[{""intent"":""monitor a company"",""score"":0.998357},{""intent"":""None"",""score"":0.07816633}],""entities"":[]}"
"monitor tesla",04/24/2017 11:54:36,"{""query"":""monitor tesla"",""intents"":[{""intent"":""monitor a company"",""score"":0.9999995},{""intent"":""None"",""score"":0.0214171745}],""entities"":[{""entity"":""tesla"",""type"":""Company name"",""startIndex"":8,""endIndex"":12,""score"":0.9844418}]}"
"monitor skimit",04/24/2017 11:54:52,"{""query"":""monitor skimit"",""intents"":[{""intent"":""monitor a company"",""score"":0.999583066},{""intent"":""None"",""score"":0.0756220147}],""entities"":[]}"
"monitor bing",04/24/2017 11:55:07,"{""query"":""monitor bing"",""intents"":[{""intent"":""monitor a company"",""score"":0.9999914},{""intent"":""None"",""score"":0.03724242}],""entities"":[{""entity"":""bing"",""type"":""Company name"",""startIndex"":8,""endIndex"":11,""score"":0.584723}]}"
"monitor rollsroyce",04/24/2017 11:55:07,"{""query"":""monitor rollsroyce"",""intents"":[{""intent"":""monitor a company"",""score"":0.999583066},{""intent"":""None"",""score"":0.0756220147}],""entities"":[]}"
"monitor volvo",04/24/2017 11:55:22,"{""query"":""monitor volvo"",""intents"":[{""intent"":""monitor a company"",""score"":0.9999819},{""intent"":""None"",""score"":0.04159074}],""entities"":[{""entity"":""volvo"",""type"":""Company name"",""startIndex"":8,""endIndex"":12,""score"":0.584723}]}"
"monitor ajrsolutions",04/24/2017 11:55:38,"{""query"":""monitor ajrsolutions"",""intents"":[{""intent"":""monitor a company"",""score"":0.999583066},{""intent"":""None"",""score"":0.0756220147}],""entities"":[]}"
"monitor sunny",04/24/2017 11:55:38,"{""query"":""monitor sunny"",""intents"":[{""intent"":""monitor a company"",""score"":0.9999895},{""intent"":""None"",""score"":0.03833109}],""entities"":[{""entity"":""sunny"",""type"":""Company name"",""startIndex"":8,""endIndex"":12,""score"":0.584723}]}"
"monitor skimit",04/24/2017 11:55:53,"{""query"":""monitor skimit"",""intents"":[{""intent"":""monitor a company"",""score"":0.999583066},{""intent"":""None"",""score"":0.0756220147}],""entities"":[]}"
"monitor abc",04/24/2017 11:55:53,"{""query"":""monitor abc"",""intents"":[{""intent"":""monitor a company"",""score"":0.9999838},{""intent"":""None"",""score"":0.0408830345}],""entities"":[{""entity"":""abc"",""type"":""Company name"",""startIndex"":8,""endIndex"":10,""score"":0.584723}]}"
"monitor weather",04/24/2017 11:56:24,"{""query"":""monitor weather"",""intents"":[{""intent"":""monitor a company"",""score"":0.999994755},{""intent"":""None"",""score"":0.03483687}],""entities"":[{""entity"":""weather"",""type"":""Company name"",""startIndex"":8,""endIndex"":14,""score"":0.584723}]}"
"monitor skimit",04/24/2017 11:56:39,"{""query"":""monitor skimit"",""intents"":[{""intent"":""monitor a company"",""score"":0.999583066},{""intent"":""None"",""score"":0.0756220147}],""entities"":[]}"
"monitor skim",04/24/2017 11:56:39,"{""query"":""monitor skim"",""intents"":[{""intent"":""monitor a company"",""score"":0.999971867},{""intent"":""None"",""score"":0.04439041}],""entities"":[{""entity"":""skim"",""type"":""Company name"",""startIndex"":8,""endIndex"":11,""score"":0.584723}]}"
"monitor rolls royce",04/24/2017 11:57:56,"{""query"":""monitor rolls royce"",""intents"":[{""intent"":""monitor a company"",""score"":0.999978542},{""intent"":""None"",""score"":0.04343575}],""entities"":[{""entity"":""rolls"",""type"":""Company name"",""startIndex"":8,""endIndex"":12,""score"":0.569221854}]}"
"monitor bingit",04/24/2017 11:58:43,"{""query"":""monitor bingit"",""intents"":[{""intent"":""monitor a company"",""score"":0.999583066},{""intent"":""None"",""score"":0.0756220147}],""entities"":[]}"
"monitor foreca",04/24/2017 11:58:43,"{""query"":""monitor foreca"",""intents"":[{""intent"":""monitor a company"",""score"":0.9999647},{""intent"":""None"",""score"":0.0458960347}],""entities"":[{""entity"":""foreca"",""type"":""Company name"",""startIndex"":8,""endIndex"":13,""score"":0.584723}]}"
"i want to monitor google",04/24/2017 13:26:07,"{""query"":""i want to monitor google"",""intents"":[{""intent"":""monitor a company"",""score"":0.9999995},{""intent"":""None"",""score"":0.0237336885}],""entities"":[{""entity"":""google"",""type"":""Company name"",""startIndex"":18,""endIndex"":23,""score"":0.9892167}]}"
"i want to monitor gorilla",04/24/2017 13:26:22,"{""query"":""i want to monitor gorilla"",""intents"":[{""intent"":""monitor a company"",""score"":0.999996662},{""intent"":""None"",""score"":0.03336283}],""entities"":[{""entity"":""gorilla"",""type"":""Company name"",""startIndex"":18,""endIndex"":24,""score"":0.8122615}]}"
"i want to monitor skimit",04/24/2017 13:26:38,"{""query"":""i want to monitor skimit"",""intents"":[{""intent"":""monitor a company"",""score"":0.999951839},{""intent"":""None"",""score"":0.05477659}],""entities"":[]}"
"i want to monitor xyz",04/24/2017 13:26:38,"{""query"":""i want to monitor xyz"",""intents"":[{""intent"":""monitor a company"",""score"":0.999994755},{""intent"":""None"",""score"":0.03538798}],""entities"":[{""entity"":""xyz"",""type"":""Company name"",""startIndex"":18,""endIndex"":20,""score"":0.8122615}]}"
"i want to monitor skim",04/24/2017 13:26:38,"{""query"":""i want to monitor skim"",""intents"":[{""intent"":""monitor a company"",""score"":0.999995232},{""intent"":""None"",""score"":0.0348225534}],""entities"":[{""entity"":""skim"",""type"":""Company name"",""startIndex"":18,""endIndex"":21,""score"":0.8122615}]}"
"i want to monitor skimi",04/24/2017 13:26:53,"{""query"":""i want to monitor skimi"",""intents"":[{""intent"":""monitor a company"",""score"":0.999951839},{""intent"":""None"",""score"":0.05477659}],""entities"":[]}"
"i want to monitor ski",04/24/2017 13:27:08,"{""query"":""i want to monitor ski"",""intents"":[{""intent"":""monitor a company"",""score"":0.999997139},{""intent"":""None"",""score"":0.03212754}],""entities"":[{""entity"":""ski"",""type"":""Company name"",""startIndex"":18,""endIndex"":20,""score"":0.8122615}]}"
"i want to monitor sk",04/24/2017 13:27:08,"{""query"":""i want to monitor sk"",""intents"":[{""intent"":""monitor a company"",""score"":0.9999962},{""intent"":""None"",""score"":0.0336916074}],""entities"":[{""entity"":""sk"",""type"":""Company name"",""startIndex"":18,""endIndex"":19,""score"":0.8122615}]}"
"i want to monitor skim",04/24/2017 13:27:08,"{""query"":""i want to monitor skim"",""intents"":[{""intent"":""monitor a company"",""score"":0.999995232},{""intent"":""None"",""score"":0.0348225534}],""entities"":[{""entity"":""skim"",""type"":""Company name"",""startIndex"":18,""endIndex"":21,""score"":0.8122615}]}"
"i want to monitor s",04/24/2017 13:27:24,"{""query"":""i want to monitor s"",""intents"":[{""intent"":""monitor a company"",""score"":0.999999046},{""intent"":""None"",""score"":0.02782669}],""entities"":[{""entity"":""s"",""type"":""Company name"",""startIndex"":18,""endIndex"":18,""score"":0.8122615}]}"
"i want to monitor sk",04/24/2017 13:27:24,"{""query"":""i want to monitor sk"",""intents"":[{""intent"":""monitor a company"",""score"":0.9999962},{""intent"":""None"",""score"":0.0336916074}],""entities"":[{""entity"":""sk"",""type"":""Company name"",""startIndex"":18,""endIndex"":19,""score"":0.8122615}]}"
"i want to monitor skim",04/24/2017 13:27:39,"{""query"":""i want to monitor skim"",""intents"":[{""intent"":""monitor a company"",""score"":0.999995232},{""intent"":""None"",""score"":0.0348225534}],""entities"":[{""entity"":""skim"",""type"":""Company name"",""startIndex"":18,""endIndex"":21,""score"":0.8122615}]}"
"i want to monitor skimi",04/24/2017 13:27:39,"{""query"":""i want to monitor skimi"",""intents"":[{""intent"":""monitor a company"",""score"":0.999951839},{""intent"":""None"",""score"":0.05477659}],""entities"":[]}"
"i want to monitor xyz",04/24/2017 13:27:54,"{""query"":""i want to monitor xyz"",""intents"":[{""intent"":""monitor a company"",""score"":0.999994755},{""intent"":""None"",""score"":0.03538798}],""entities"":[{""entity"":""xyz"",""type"":""Company name"",""startIndex"":18,""endIndex"":20,""score"":0.8122615}]}"
"i want to monitor kell",04/24/2017 13:28:10,"{""query"":""i want to monitor kell"",""intents"":[{""intent"":""monitor a company"",""score"":0.9999943},{""intent"":""None"",""score"":0.0360143}],""entities"":[{""entity"":""kell"",""type"":""Company name"",""startIndex"":18,""endIndex"":21,""score"":0.8122615}]}"
"i want to monitor kello",04/24/2017 13:28:10,"{""query"":""i want to monitor kello"",""intents"":[{""intent"":""monitor a company"",""score"":0.999951839},{""intent"":""None"",""score"":0.05477659}],""entities"":[]}"
"summaries tesla",04/24/2017 13:41:34,"{""query"":""summaries tesla"",""intents"":[{""intent"":""monitor a company"",""score"":1.0},{""intent"":""None"",""score"":0.01568834},{""intent"":""list alerts"",""score"":3.472228E-12}],""entities"":[{""entity"":""tesla"",""type"":""Company name"",""startIndex"":10,""endIndex"":14,""score"":0.956078231}]}"
"summaries skim",04/24/2017 13:41:34,"{""query"":""summaries skim"",""intents"":[{""intent"":""monitor a company"",""score"":0.9999809},{""intent"":""None"",""score"":0.0240063332},{""intent"":""list alerts"",""score"":5.18141132E-06}],""entities"":[]}"
"summaries bang olufsen",04/24/2017 13:41:50,"{""query"":""summaries bang olufsen"",""intents"":[{""intent"":""monitor a company"",""score"":0.999999046},{""intent"":""None"",""score"":0.0206398852},{""intent"":""list alerts"",""score"":5.959592E-07}],""entities"":[{""entity"":""bang olufsen"",""type"":""Company name"",""startIndex"":10,""endIndex"":21,""score"":0.8359851}]}"
"summaries bang olu",04/24/2017 13:42:05,"{""query"":""summaries bang olu"",""intents"":[{""intent"":""monitor a company"",""score"":0.9999752},{""intent"":""None"",""score"":0.0231444612},{""intent"":""list alerts"",""score"":4.44511124E-06}],""entities"":[{""entity"":""bang olu"",""type"":""Company name"",""startIndex"":10,""endIndex"":17,""score"":0.5754996}]}"
"summaries test this",04/24/2017 13:42:05,"{""query"":""summaries test this"",""intents"":[{""intent"":""monitor a company"",""score"":0.999995232},{""intent"":""None"",""score"":0.0207726154},{""intent"":""list alerts"",""score"":1.41672444E-06}],""entities"":[]}"
"summaries abc",04/24/2017 13:42:21,"{""query"":""summaries abc"",""intents"":[{""intent"":""monitor a company"",""score"":0.9999938},{""intent"":""None"",""score"":0.0225987267},{""intent"":""list alerts"",""score"":2.42196575E-06}],""entities"":[]}"
"summaries intel",04/24/2017 13:42:21,"{""query"":""summaries intel"",""intents"":[{""intent"":""monitor a company"",""score"":0.9999943},{""intent"":""None"",""score"":0.0225121956},{""intent"":""list alerts"",""score"":2.30788419E-06}],""entities"":[]}"
"i want to monitor google",04/24/2017 13:43:07,"{""query"":""i want to monitor google"",""intents"":[{""intent"":""monitor a company"",""score"":0.9999604},{""intent"":""None"",""score"":0.0163159519},{""intent"":""list alerts"",""score"":3.16497353E-05}],""entities"":[{""entity"":""google"",""type"":""Company name"",""startIndex"":18,""endIndex"":23,""score"":0.981766045}]}"
"i want to monitor aaabbb",04/24/2017 13:43:07,"{""query"":""i want to monitor aaabbb"",""intents"":[{""intent"":""monitor a company"",""score"":0.9854938},{""intent"":""None"",""score"":0.03901883},{""intent"":""list alerts"",""score"":1.84761175E-05}],""entities"":[]}"
"i want to monitor company",04/24/2017 13:43:22,"{""query"":""i want to monitor company"",""intents"":[{""intent"":""monitor a company"",""score"":0.999426544},{""intent"":""None"",""score"":0.0195722338},{""intent"":""list alerts"",""score"":0.0001504385}],""entities"":[{""entity"":""company"",""type"":""Company name"",""startIndex"":18,""endIndex"":24,""score"":0.6946473}]}"
"i want to monitor abient",04/24/2017 13:43:37,"{""query"":""i want to monitor abient"",""intents"":[{""intent"":""monitor a company"",""score"":0.9854938},{""intent"":""None"",""score"":0.03901883},{""intent"":""list alerts"",""score"":1.84761175E-05}],""entities"":[]}"
"i want to monitor ambient",04/24/2017 13:43:37,"{""query"":""i want to monitor ambient"",""intents"":[{""intent"":""monitor a company"",""score"":0.998080432},{""intent"":""None"",""score"":0.0217722133},{""intent"":""list alerts"",""score"":0.000230926031}],""entities"":[{""entity"":""ambient"",""type"":""Company name"",""startIndex"":18,""endIndex"":24,""score"":0.6946473}]}"
"i want to monitor pizza",04/24/2017 13:43:37,"{""query"":""i want to monitor pizza"",""intents"":[{""intent"":""monitor a company"",""score"":0.9996157},{""intent"":""None"",""score"":0.0188929215},{""intent"":""list alerts"",""score"":0.000130535191}],""entities"":[{""entity"":""pizza"",""type"":""Company name"",""startIndex"":18,""endIndex"":22,""score"":0.6946473}]}"
"summaries googlu",04/24/2017 13:44:23,"{""query"":""summaries googlu"",""intents"":[{""intent"":""monitor a company"",""score"":0.9999714},{""intent"":""None"",""score"":0.039250128},{""intent"":""list alerts"",""score"":1.35574624E-07}],""entities"":[]}"
"summaries google",04/24/2017 13:44:23,"{""query"":""summaries google"",""intents"":[{""intent"":""monitor a company"",""score"":0.9999995},{""intent"":""None"",""score"":0.018695496},{""intent"":""list alerts"",""score"":3.09821843E-07}],""entities"":[{""entity"":""google"",""type"":""Company name"",""startIndex"":10,""endIndex"":15,""score"":0.8723164}]}"
"monitor skim",04/24/2017 13:50:18,"{""query"":""monitor skim"",""intents"":[{""intent"":""monitor a company"",""score"":0.998925567},{""intent"":""None"",""score"":0.00360333314},{""intent"":""list alerts"",""score"":2.43347476E-08}],""entities"":[{""entity"":""skim"",""type"":""Company name"",""startIndex"":8,""endIndex"":11,""score"":0.9701772}]}"
"monitor skimi",04/24/2017 13:50:18,"{""query"":""monitor skimi"",""intents"":[{""intent"":""monitor a company"",""score"":0.999433935},{""intent"":""None"",""score"":0.006407624},{""intent"":""list alerts"",""score"":8.65489555E-11}],""entities"":[{""entity"":""skimi"",""type"":""Company name"",""startIndex"":8,""endIndex"":12,""score"":0.979839742}]}"
"monitor skimit",04/24/2017 13:50:18,"{""query"":""monitor skimit"",""intents"":[{""intent"":""monitor a company"",""score"":0.999433935},{""intent"":""None"",""score"":0.006407624},{""intent"":""list alerts"",""score"":8.65489555E-11}],""entities"":[{""entity"":""skimit"",""type"":""Company name"",""startIndex"":8,""endIndex"":13,""score"":0.979839742}]}"
"monitor skimitxoidjiowedj",04/24/2017 13:50:33,"{""query"":""monitor skimitxoidjiowedj"",""intents"":[{""intent"":""monitor a company"",""score"":0.999433935},{""intent"":""None"",""score"":0.006407624},{""intent"":""list alerts"",""score"":8.65489555E-11}],""entities"":[{""entity"":""skimitxoidjiowedj"",""type"":""Company name"",""startIndex"":8,""endIndex"":24,""score"":0.979839742}]}"
"monitor skimitx",04/24/2017 13:50:33,"{""query"":""monitor skimitx"",""intents"":[{""intent"":""monitor a company"",""score"":0.999433935},{""intent"":""None"",""score"":0.006407624},{""intent"":""list alerts"",""score"":8.65489555E-11}],""entities"":[{""entity"":""skimitx"",""type"":""Company name"",""startIndex"":8,""endIndex"":14,""score"":0.979839742}]}"
"monitor skimitxoidjiowedj",04/24/2017 13:51:21,"{""query"":""monitor skimitxoidjiowedj"",""intents"":[{""intent"":""monitor a company"",""score"":0.999433935},{""intent"":""None"",""score"":0.006407624},{""intent"":""list alerts"",""score"":8.65489555E-11}],""entities"":[{""entity"":""skimitxoidjiowedj"",""type"":""Company name"",""startIndex"":8,""endIndex"":24,""score"":0.979839742}]}"
"monitor skimitxoidjiowedj",04/24/2017 13:51:26,"{""query"":""monitor skimitxoidjiowedj"",""intents"":[{""intent"":""monitor a company"",""score"":0.999433935},{""intent"":""None"",""score"":0.006407624},{""intent"":""list alerts"",""score"":8.65489555E-11}],""entities"":[{""entity"":""skimitxoidjiowedj"",""type"":""Company name"",""startIndex"":8,""endIndex"":24,""score"":0.979839742}]}"
"monitor skimitxoidjiowedj",04/24/2017 13:51:41,"{""query"":""monitor skimitxoidjiowedj"",""intents"":[{""intent"":""monitor a company"",""score"":0.999433935},{""intent"":""None"",""score"":0.006407624},{""intent"":""list alerts"",""score"":8.65489555E-11}],""entities"":[{""entity"":""skimitxoidjiowedj"",""type"":""Company name"",""startIndex"":8,""endIndex"":24,""score"":0.979839742}]}"
"monitor fad and falds",04/24/2017 13:51:41,"{""query"":""monitor fad and falds"",""intents"":[{""intent"":""monitor a company"",""score"":0.99205},{""intent"":""None"",""score"":0.007854256},{""intent"":""list alerts"",""score"":7.3888E-08}],""entities"":[{""entity"":""fad"",""type"":""Company name"",""startIndex"":8,""endIndex"":10,""score"":0.770206153}]}"
"monitor candy",04/24/2017 13:51:52,"{""query"":""monitor candy"",""intents"":[{""intent"":""monitor a company"",""score"":0.9992697},{""intent"":""None"",""score"":0.003086608},{""intent"":""list alerts"",""score"":1.4674324E-08}],""entities"":[{""entity"":""candy"",""type"":""Company name"",""startIndex"":8,""endIndex"":12,""score"":0.9530651}]}"
"monitor aldnvqipuervhbao",04/24/2017 13:51:57,"{""query"":""monitor aldnvqipuervhbao"",""intents"":[{""intent"":""monitor a company"",""score"":0.999433935},{""intent"":""None"",""score"":0.006407624},{""intent"":""list alerts"",""score"":8.65489555E-11}],""entities"":[{""entity"":""aldnvqipuervhbao"",""type"":""Company name"",""startIndex"":8,""endIndex"":23,""score"":0.979839742}]}"
"monitor reddit",04/24/2017 13:51:57,"{""query"":""monitor reddit"",""intents"":[{""intent"":""monitor a company"",""score"":0.999297857},{""intent"":""None"",""score"":0.003052046},{""intent"":""list alerts"",""score"":1.352432E-08}],""entities"":[{""entity"":""reddit"",""type"":""Company name"",""startIndex"":8,""endIndex"":13,""score"":0.9530651}]}"
"monitor 1234",04/24/2017 13:52:12,"{""query"":""monitor 1234"",""intents"":[{""intent"":""monitor a company"",""score"":0.9984843},{""intent"":""None"",""score"":0.00381047069},{""intent"":""list alerts"",""score"":6.75971E-08}],""entities"":[{""entity"":""1234"",""type"":""Company name"",""startIndex"":8,""endIndex"":11,""score"":0.9530651}]}"
"summaries of laskdfn",04/24/2017 13:52:43,"{""query"":""summaries of laskdfn"",""intents"":[{""intent"":""monitor a company"",""score"":0.9924477},{""intent"":""None"",""score"":0.0122072352},{""intent"":""list alerts"",""score"":9.449807E-08}],""entities"":[{""entity"":""laskdfn"",""type"":""Company name"",""startIndex"":13,""endIndex"":19,""score"":0.6046585}]}"
"monitor skimitxoidjiowedj",04/24/2017 13:52:53,"{""query"":""monitor skimitxoidjiowedj"",""intents"":[{""intent"":""monitor a company"",""score"":0.999433935},{""intent"":""None"",""score"":0.006407624},{""intent"":""list alerts"",""score"":8.65489555E-11}],""entities"":[{""entity"":""skimitxoidjiowedj"",""type"":""Company name"",""startIndex"":8,""endIndex"":24,""score"":0.979839742}]}"
"i want to monitor asbdf7qfg",04/24/2017 13:52:59,"{""query"":""i want to monitor asbdf7qfg"",""intents"":[{""intent"":""monitor a company"",""score"":0.99707365},{""intent"":""None"",""score"":0.004141591},{""intent"":""list alerts"",""score"":4.416643E-08}],""entities"":[{""entity"":""asbdf7qfg"",""type"":""Company name"",""startIndex"":18,""endIndex"":26,""score"":0.993877649}]}"
"i want to monitor aaa",04/24/2017 13:52:59,"{""query"":""i want to monitor aaa"",""intents"":[{""intent"":""monitor a company"",""score"":0.996749461},{""intent"":""None"",""score"":0.00248623337},{""intent"":""list alerts"",""score"":1.12905025E-06}],""entities"":[{""entity"":""aaa"",""type"":""Company name"",""startIndex"":18,""endIndex"":20,""score"":0.985986233}]}"
"i want to monitor asbdf7qfg",04/24/2017 13:57:46,"{""query"":""i want to monitor asbdf7qfg"",""intents"":[{""intent"":""monitor a company"",""score"":0.99707365},{""intent"":""None"",""score"":0.004141591},{""intent"":""list alerts"",""score"":4.416643E-08}],""entities"":[{""entity"":""asbdf7qfg"",""type"":""Company name"",""startIndex"":18,""endIndex"":26,""score"":0.993877649}]}"
"i want to monitor asbdf7qfg",04/24/2017 13:57:46,"{""query"":""i want to monitor asbdf7qfg"",""intents"":[{""intent"":""monitor a company"",""score"":0.99707365},{""intent"":""None"",""score"":0.004141591},{""intent"":""list alerts"",""score"":4.416643E-08}],""entities"":[{""entity"":""asbdf7qfg"",""type"":""Company name"",""startIndex"":18,""endIndex"":26,""score"":0.993877649}]}"
"monitor skimitxoidjiowedj",04/24/2017 14:26:34,"{""query"":""monitor skimitxoidjiowedj"",""intents"":[{""intent"":""monitor a company"",""score"":0.999433935},{""intent"":""None"",""score"":0.006407624},{""intent"":""list alerts"",""score"":8.65489555E-11}],""entities"":[{""entity"":""skimitxoidjiowedj"",""type"":""Company name"",""startIndex"":8,""endIndex"":24,""score"":0.979839742}]}"
"updates on microsoft",04/24/2017 14:27:05,"{""query"":""updates on microsoft"",""intents"":[{""intent"":""trigger schedules"",""score"":0.9894561},{""intent"":""monitor a company"",""score"":0.3735458},{""intent"":""None"",""score"":0.00488097128},{""intent"":""list alerts"",""score"":1.76557009E-08}],""entities"":[{""entity"":""microsoft"",""type"":""Company name"",""startIndex"":11,""endIndex"":19,""score"":0.9614063}]}"
"send me updates on amazon 4pm tomorrow",04/24/2017 14:28:06,"{""query"":""send me updates on amazon 4pm tomorrow"",""intents"":[{""intent"":""trigger schedules"",""score"":0.9910987},{""intent"":""monitor a company"",""score"":0.1799901},{""intent"":""None"",""score"":0.00502986228},{""intent"":""list alerts"",""score"":1.09987653E-07}],""entities"":[{""entity"":""amazon"",""type"":""Company name"",""startIndex"":19,""endIndex"":24,""score"":0.76581955},{""entity"":""4 pm"",""type"":""builtin.datetime.time"",""resolution"":{""time"":""T16""}},{""entity"":""tomorrow"",""type"":""builtin.datetime.date"",""startIndex"":30,""endIndex"":37,""resolution"":{""date"":""2017-04-25""}}]}"
"daily updates on jaguar land rover",04/24/2017 14:29:08,"{""query"":""daily updates on jaguar land rover"",""intents"":[{""intent"":""trigger schedules"",""score"":0.9995297},{""intent"":""monitor a company"",""score"":0.208410189},{""intent"":""None"",""score"":0.004645571},{""intent"":""list alerts"",""score"":2.07083684E-08}],""entities"":[{""entity"":""jaguar land rover"",""type"":""Company name"",""startIndex"":17,""endIndex"":33,""score"":0.8709224},{""entity"":""daily"",""type"":""builtin.datetime.set"",""startIndex"":0,""endIndex"":4,""resolution"":{""set"":""XXXX-XX-XX""}}]}"
"daily updates on jaguar land rover",04/24/2017 14:29:39,"{""query"":""daily updates on jaguar land rover"",""intents"":[{""intent"":""trigger schedules"",""score"":0.9995297},{""intent"":""monitor a company"",""score"":0.208410189},{""intent"":""None"",""score"":0.004645571},{""intent"":""list alerts"",""score"":2.07083684E-08}],""entities"":[{""entity"":""jaguar land rover"",""type"":""Company name"",""startIndex"":17,""endIndex"":33,""score"":0.8709224},{""entity"":""daily"",""type"":""builtin.datetime.set"",""startIndex"":0,""endIndex"":4,""resolution"":{""set"":""XXXX-XX-XX""}}]}"
"send me updates on amazon 4pm tomorrow",04/24/2017 14:29:39,"{""query"":""send me updates on amazon 4pm tomorrow"",""intents"":[{""intent"":""trigger schedules"",""score"":0.9910987},{""intent"":""monitor a company"",""score"":0.1799901},{""intent"":""None"",""score"":0.00502986228},{""intent"":""list alerts"",""score"":1.09987653E-07}],""entities"":[{""entity"":""amazon"",""type"":""Company name"",""startIndex"":19,""endIndex"":24,""score"":0.76581955},{""entity"":""4 pm"",""type"":""builtin.datetime.time"",""resolution"":{""time"":""T16""}},{""entity"":""tomorrow"",""type"":""builtin.datetime.date"",""startIndex"":30,""endIndex"":37,""resolution"":{""date"":""2017-04-25""}}]}"
"monthly updates on jaguar land rover",04/24/2017 14:29:54,"{""query"":""monthly updates on jaguar land rover"",""intents"":[{""intent"":""trigger schedules"",""score"":0.863216639},{""intent"":""monitor a company"",""score"":0.514072239},{""intent"":""None"",""score"":0.004902968},{""intent"":""list alerts"",""score"":3.3914187E-08}],""entities"":[{""entity"":""jaguar land rover"",""type"":""Company name"",""startIndex"":19,""endIndex"":35,""score"":0.869235754}]}"
"daily updates on jaguar land rover",04/24/2017 14:30:10,"{""query"":""daily updates on jaguar land rover"",""intents"":[{""intent"":""trigger schedules"",""score"":0.9995297},{""intent"":""monitor a company"",""score"":0.208410189},{""intent"":""None"",""score"":0.004645571},{""intent"":""list alerts"",""score"":2.07083684E-08}],""entities"":[{""entity"":""jaguar land rover"",""type"":""Company name"",""startIndex"":17,""endIndex"":33,""score"":0.8709224},{""entity"":""daily"",""type"":""builtin.datetime.set"",""startIndex"":0,""endIndex"":4,""resolution"":{""set"":""XXXX-XX-XX""}}]}"
"weekly updates on jaguar land rover",04/24/2017 14:30:25,"{""query"":""weekly updates on jaguar land rover"",""intents"":[{""intent"":""trigger schedules"",""score"":0.8814247},{""intent"":""monitor a company"",""score"":0.5165373},{""intent"":""None"",""score"":0.00485603139},{""intent"":""list alerts"",""score"":2.97275964E-08}],""entities"":[{""entity"":""jaguar land rover"",""type"":""Company name"",""startIndex"":18,""endIndex"":34,""score"":0.869235754},{""entity"":""weekly"",""type"":""builtin.datetime.set"",""startIndex"":0,""endIndex"":5,""resolution"":{""set"":""XXXX-WXX""}}]}"
"1st of january updates on jaguar land rover",04/24/2017 14:31:11,"{""query"":""1st of january updates on jaguar land rover"",""intents"":[{""intent"":""trigger schedules"",""score"":0.955669343},{""intent"":""monitor a company"",""score"":0.3666399},{""intent"":""None"",""score"":0.00468695443},{""intent"":""list alerts"",""score"":3.54263E-08}],""entities"":[{""entity"":""jaguar land rover"",""type"":""Company name"",""startIndex"":26,""endIndex"":42,""score"":0.86795795},{""entity"":""1st of january"",""type"":""builtin.datetime.date"",""startIndex"":0,""endIndex"":13,""resolution"":{""date"":""XXXX-01-01""}}]}"
"1st of january 2018 updates on jaguar land rover",04/24/2017 14:31:27,"{""query"":""1st of january 2018 updates on jaguar land rover"",""intents"":[{""intent"":""trigger schedules"",""score"":0.9394123},{""intent"":""monitor a company"",""score"":0.298482478},{""intent"":""None"",""score"":0.004848752},{""intent"":""list alerts"",""score"":7.387899E-08}],""entities"":[{""entity"":""jaguar land rover"",""type"":""Company name"",""startIndex"":31,""endIndex"":47,""score"":0.8686205},{""entity"":""1st of january"",""type"":""builtin.datetime.date"",""startIndex"":0,""endIndex"":13,""resolution"":{""date"":""2018-01-01""}}]}"
"1st of january 2019 updates on jaguar land rover",04/24/2017 14:31:58,"{""query"":""1st of january 2019 updates on jaguar land rover"",""intents"":[{""intent"":""trigger schedules"",""score"":0.92883265},{""intent"":""monitor a company"",""score"":0.29628247},{""intent"":""None"",""score"":0.0048986217},{""intent"":""list alerts"",""score"":8.497388E-08}],""entities"":[{""entity"":""jaguar land rover"",""type"":""Company name"",""startIndex"":31,""endIndex"":47,""score"":0.8686205},{""entity"":""1st of january"",""type"":""builtin.datetime.date"",""startIndex"":0,""endIndex"":13,""resolution"":{""date"":""2019-01-01""}}]}"
"1st week of january 2020 updates on jaguar land rover",04/24/2017 14:32:29,"{""query"":""1st week of January 2020 updates on jaguar land rover"",""intents"":[{""intent"":""trigger schedules"",""score"":0.9891639},{""intent"":""monitor a company"",""score"":0.199119359},{""intent"":""None"",""score"":0.00468684733},{""intent"":""list alerts"",""score"":6.12368538E-08}],""entities"":[{""entity"":""jaguar land rover"",""type"":""Company name"",""startIndex"":36,""endIndex"":52,""score"":0.8686036},{""entity"":""1st week of january"",""type"":""builtin.datetime.date"",""startIndex"":0,""endIndex"":18,""resolution"":{""date"":""XXXX-01-W01""}}]}"
"first tuesday of the month updates on jaguar land rover",04/24/2017 14:33:16,"{""query"":""first tuesday of the month updates on jaguar land rover"",""intents"":[{""intent"":""trigger schedules"",""score"":0.9991197},{""intent"":""monitor a company"",""score"":0.168173641},{""intent"":""None"",""score"":0.00438321149},{""intent"":""list alerts"",""score"":2.47176342E-08}],""entities"":[{""entity"":""jaguar land rover"",""type"":""Company name"",""startIndex"":38,""endIndex"":54,""score"":0.867874},{""entity"":""first tuesday of the month"",""type"":""builtin.datetime.date"",""startIndex"":0,""endIndex"":25,""resolution"":{""date"":""XXXX-XX-01""}},{""entity"":""first tuesday of the month"",""type"":""builtin.datetime.date"",""resolution"":{""date"":""XXXX-WXX-2""}},{""entity"":""first tuesday of the month"",""type"":""builtin.datetime.date"",""resolution"":{""date"":""2017-04""}}]}"
"updates on jaguar land rover first tuesday of the month",04/24/2017 14:33:46,"{""query"":""updates on jaguar land rover first tuesday of the month "",""intents"":[{""intent"":""trigger schedules"",""score"":0.9991197},{""intent"":""monitor a company"",""score"":0.168173641},{""intent"":""None"",""score"":0.00438321149},{""intent"":""list alerts"",""score"":2.47176342E-08}],""entities"":[{""entity"":""jaguar land rover first"",""type"":""Company name"",""startIndex"":11,""endIndex"":33,""score"":0.548811555},{""entity"":""first tuesday of the month"",""type"":""builtin.datetime.date"",""startIndex"":29,""endIndex"":54,""resolution"":{""date"":""XXXX-XX-01""}},{""entity"":""first tuesday of the month"",""type"":""builtin.datetime.date"",""resolution"":{""date"":""XXXX-WXX-2""}},{""entity"":""first tuesday of the month"",""type"":""builtin.datetime.date"",""resolution"":{""date"":""2017-04""}}]}"
"i want updates on amazon plc every afternoon",04/24/2017 14:35:19,"{""query"":""i want updates on amazon plc every afternoon"",""intents"":[{""intent"":""trigger schedules"",""score"":0.99999094},{""intent"":""monitor a company"",""score"":0.0191101935},{""intent"":""None"",""score"":0.00420101639},{""intent"":""list alerts"",""score"":7.837457E-07}],""entities"":[{""entity"":""amazon"",""type"":""Company name"",""startIndex"":18,""endIndex"":23,""score"":0.533888638},{""entity"":""every afternoon"",""type"":""builtin.datetime.set"",""startIndex"":29,""endIndex"":43,""resolution"":{""set"":""XXXX-XX-XXTAF""}}]}"
"i want updates on amazon plc every morning",04/24/2017 14:36:21,"{""query"":""i want updates on amazon plc every morning"",""intents"":[{""intent"":""trigger schedules"",""score"":0.9999733},{""intent"":""monitor a company"",""score"":0.0307376683},{""intent"":""None"",""score"":0.004189088},{""intent"":""list alerts"",""score"":7.32347758E-07}],""entities"":[{""entity"":""amazon"",""type"":""Company name"",""startIndex"":18,""endIndex"":23,""score"":0.5170842},{""entity"":""every morning"",""type"":""builtin.datetime.set"",""startIndex"":29,""endIndex"":41,""resolution"":{""set"":""XXXX-XX-XXTMO""}}]}"
"i want updates on amazon plc every evening",04/24/2017 14:36:36,"{""query"":""i want updates on amazon plc every evening"",""intents"":[{""intent"":""trigger schedules"",""score"":0.9999585},{""intent"":""monitor a company"",""score"":0.0326331332},{""intent"":""None"",""score"":0.004262711},{""intent"":""list alerts"",""score"":8.237495E-07}],""entities"":[{""entity"":""amazon"",""type"":""Company name"",""startIndex"":18,""endIndex"":23,""score"":0.5170842},{""entity"":""every evening"",""type"":""builtin.datetime.set"",""startIndex"":29,""endIndex"":41,""resolution"":{""set"":""XXXX-XX-XXTEV""}}]}"
"i want updates on amazon plc every 2nd day at 5am",04/24/2017 14:36:51,"{""query"":""i want updates on amazon plc every 2nd day at 5am"",""intents"":[{""intent"":""trigger schedules"",""score"":0.9999895},{""intent"":""monitor a company"",""score"":0.0179658532},{""intent"":""None"",""score"":0.004252854},{""intent"":""list alerts"",""score"":7.92848141E-07}],""entities"":[{""entity"":""amazon"",""type"":""Company name"",""startIndex"":18,""endIndex"":23,""score"":0.495040834},{""entity"":""every 2nd day"",""type"":""builtin.datetime.date"",""startIndex"":29,""endIndex"":41,""resolution"":{""date"":""XXXX-XX-02""}},{""entity"":""every 2nd day"",""type"":""builtin.datetime.date"",""resolution"":{""date"":""2017-04-24""}},{""entity"":""5 am"",""type"":""builtin.datetime.time"",""resolution"":{""time"":""T05""}}]}"
"i want updates on amazon plc every 3 days at 5am",04/24/2017 14:37:37,"{""query"":""i want updates on amazon plc every 3 days at 5am"",""intents"":[{""intent"":""trigger schedules"",""score"":0.9999771},{""intent"":""monitor a company"",""score"":0.0208750777},{""intent"":""None"",""score"":0.00427580671},{""intent"":""list alerts"",""score"":8.412888E-07}],""entities"":[{""entity"":""amazon"",""type"":""Company name"",""startIndex"":18,""endIndex"":23,""score"":0.591804},{""entity"":""5 am"",""type"":""builtin.datetime.time"",""resolution"":{""time"":""T05""}}]}"
"i want updates on amazon plc every 3 days at 5a",04/24/2017 14:37:37,"{""query"":""i want updates on amazon plc every 3 days at 5a"",""intents"":[{""intent"":""trigger schedules"",""score"":0.99996233},{""intent"":""monitor a company"",""score"":0.0223798472},{""intent"":""None"",""score"":0.004357338},{""intent"":""list alerts"",""score"":9.602928E-07}],""entities"":[{""entity"":""amazon"",""type"":""Company name"",""startIndex"":18,""endIndex"":23,""score"":0.591804}]}"
"i want updates on amazon plc every 3 days at 5a",04/24/2017 14:37:53,"{""query"":""i want updates on amazon plc every 3 days at 5a"",""intents"":[{""intent"":""trigger schedules"",""score"":0.99996233},{""intent"":""monitor a company"",""score"":0.0223798472},{""intent"":""None"",""score"":0.004357338},{""intent"":""list alerts"",""score"":9.602928E-07}],""entities"":[{""entity"":""amazon"",""type"":""Company name"",""startIndex"":18,""endIndex"":23,""score"":0.591804}]}"
"i want updates on amazon plc every 2nd day at 5am",04/24/2017 14:37:53,"{""query"":""i want updates on amazon plc every 2nd day at 5am"",""intents"":[{""intent"":""trigger schedules"",""score"":0.9999895},{""intent"":""monitor a company"",""score"":0.0179658532},{""intent"":""None"",""score"":0.004252854},{""intent"":""list alerts"",""score"":7.92848141E-07}],""entities"":[{""entity"":""amazon"",""type"":""Company name"",""startIndex"":18,""endIndex"":23,""score"":0.495040834},{""entity"":""every 2nd day"",""type"":""builtin.datetime.date"",""startIndex"":29,""endIndex"":41,""resolution"":{""date"":""XXXX-XX-02""}},{""entity"":""every 2nd day"",""type"":""builtin.datetime.date"",""resolution"":{""date"":""2017-04-24""}},{""entity"":""5 am"",""type"":""builtin.datetime.time"",""resolution"":{""time"":""T05""}}]}"
"i want updates on amazon plc every 3 days at 5a",04/24/2017 14:37:53,"{""query"":""i want updates on amazon plc every 3 days at 5a"",""intents"":[{""intent"":""trigger schedules"",""score"":0.99996233},{""intent"":""monitor a company"",""score"":0.0223798472},{""intent"":""None"",""score"":0.004357338},{""intent"":""list alerts"",""score"":9.602928E-07}],""entities"":[{""entity"":""amazon"",""type"":""Company name"",""startIndex"":18,""endIndex"":23,""score"":0.591804}]}"
"i want updates on amazon plc every 3rd day at 5a",04/24/2017 14:38:09,"{""query"":""i want updates on amazon plc every 3rd day at 5a"",""intents"":[{""intent"":""trigger schedules"",""score"":0.99998},{""intent"":""monitor a company"",""score"":0.0197020564},{""intent"":""None"",""score"":0.00435389},{""intent"":""list alerts"",""score"":9.354257E-07}],""entities"":[{""entity"":""amazon"",""type"":""Company name"",""startIndex"":18,""endIndex"":23,""score"":0.495040834},{""entity"":""every 3rd day at 5a"",""type"":""builtin.datetime.date"",""startIndex"":29,""endIndex"":47,""resolution"":{""date"":""XXXX-XX-03""}},{""entity"":""every 3rd day at 5a"",""type"":""builtin.datetime.date"",""resolution"":{""date"":""2017-04-24""}}]}"
"i want updates on amazon plc every 2nd day at 5a",04/24/2017 14:38:55,"{""query"":""i want updates on amazon plc every 2nd day at 5a"",""intents"":[{""intent"":""trigger schedules"",""score"":0.999982357},{""intent"":""monitor a company"",""score"":0.0193495844},{""intent"":""None"",""score"":0.004333916},{""intent"":""list alerts"",""score"":9.056173E-07}],""entities"":[{""entity"":""amazon"",""type"":""Company name"",""startIndex"":18,""endIndex"":23,""score"":0.495040834},{""entity"":""every 2nd day at 5a"",""type"":""builtin.datetime.date"",""startIndex"":29,""endIndex"":47,""resolution"":{""date"":""XXXX-XX-02""}},{""entity"":""every 2nd day at 5a"",""type"":""builtin.datetime.date"",""resolution"":{""date"":""2017-04-24""}}]}"
"i want updates on amazon plc every 2nd day at 5am",04/24/2017 14:39:11,"{""query"":""i want updates on amazon plc every 2nd day at 5am"",""intents"":[{""intent"":""trigger schedules"",""score"":0.9999895},{""intent"":""monitor a company"",""score"":0.0179658532},{""intent"":""None"",""score"":0.004252854},{""intent"":""list alerts"",""score"":7.92848141E-07}],""entities"":[{""entity"":""amazon"",""type"":""Company name"",""startIndex"":18,""endIndex"":23,""score"":0.495040834},{""entity"":""every 2nd day"",""type"":""builtin.datetime.date"",""startIndex"":29,""endIndex"":41,""resolution"":{""date"":""XXXX-XX-02""}},{""entity"":""every 2nd day"",""type"":""builtin.datetime.date"",""resolution"":{""date"":""2017-04-24""}},{""entity"":""5 am"",""type"":""builtin.datetime.time"",""resolution"":{""time"":""T05""}}]}"
"i want updates on amazon plc every 2 days at 5am",04/24/2017 14:39:26,"{""query"":""i want updates on amazon plc every 2 days at 5am"",""intents"":[{""intent"":""trigger schedules"",""score"":0.999979},{""intent"":""monitor a company"",""score"":0.0206479281},{""intent"":""None"",""score"":0.004263144},{""intent"":""list alerts"",""score"":8.23989069E-07}],""entities"":[{""entity"":""amazon"",""type"":""Company name"",""startIndex"":18,""endIndex"":23,""score"":0.591804},{""entity"":""5 am"",""type"":""builtin.datetime.time"",""resolution"":{""time"":""T05""}}]}"
"i want updates on amazon plc every wednesday at 5am",04/24/2017 14:39:42,"{""query"":""i want updates on amazon plc every wednesday at 5am"",""intents"":[{""intent"":""trigger schedules"",""score"":0.999964237},{""intent"":""monitor a company"",""score"":0.0246878248},{""intent"":""None"",""score"":0.00435829349},{""intent"":""list alerts"",""score"":9.15715E-07}],""entities"":[{""entity"":""amazon"",""type"":""Company name"",""startIndex"":18,""endIndex"":23,""score"":0.472220361},{""entity"":""every wednesday"",""type"":""builtin.datetime.set"",""startIndex"":29,""endIndex"":43,""resolution"":{""set"":""XXXX-WXX-3T05""}},{""entity"":""5 am"",""type"":""builtin.datetime.set"",""resolution"":{""set"":""XXXX-WXX-3T05""}}]}"
"provide me updates on tesla at 5pm tomorrow",04/24/2017 14:46:38,"{""query"":""provide me updates on tesla at 5pm tomorrow"",""intents"":[{""intent"":""monitor a company"",""score"":0.6198884},{""intent"":""trigger schedules"",""score"":0.07461351},{""intent"":""None"",""score"":0.00401801663},{""intent"":""list alerts"",""score"":8.08269562E-10}],""entities"":[{""entity"":""tesla"",""type"":""Company name"",""startIndex"":22,""endIndex"":26,""score"":0.9415018},{""entity"":""5pm tomorrow"",""type"":""interval custom simple"",""startIndex"":31,""endIndex"":42,""score"":0.5832076},{""entity"":""5 pm"",""type"":""builtin.datetime.time"",""resolution"":{""time"":""T17""}},{""entity"":""tomorrow"",""type"":""builtin.datetime.date"",""startIndex"":35,""endIndex"":42,""resolution"":{""date"":""2017-04-25""}}]}"
